StoreID,StoreName,Addr1,Addr2,Town,Postcode,Latitude,Longitude,Constituency,District,Ward,LSOA,Region,Country,LSOA code
altrincham,Altrincham,Bridgewater Retail Park,Manchester Road,Altrincham,WA14 5PZ,53.399061,-2.351643,Altrincham and Sale West,Trafford,Broadheath,Trafford 024C,North West,England,E01006089
ashford,Ashford,Ashford Retail Park,Barrey Road,Ashford,TN24 0SG,51.129877,0.905399,Ashford,Ashford,Highfield,Ashford 006C,South East,England,E01023996
aylesbury,Aylesbury,Broadfields Retail Park,Bicester Road,Aylesbury,HP19 8BU,51.822888,-0.835833,Aylesbury,Buckinghamshire,Aylesbury North West,Aylesbury Vale 012D,South East,England,E01017708
banbury,Banbury,Southam Road,Banbury,Oxfordshire,OX16 2RX,52.067044,-1.339936,Banbury,Cherwell,Banbury Cross & Neithrop,Cherwell 004D,South East,England,E01028438
bangor-wales,Bangor Wales,Caernarfon Road,Bangor,Gwynedd,LL57 4SU,53.210289,-4.148777,Arfon,Gwynedd,Dewi,Gwynedd 002A,Wales,Wales,W01000064
barnsley,Barnsley,Wombwell Lane,Stairfoot,South Yorkshire,S70 3NS,53.540458,-1.433848,Barnsley East,Barnsley,Stairfoot,Barnsley 015A,Yorkshire and The Humber,England,E01007319
barnstaple,Barnstaple,Roundswell Retail Park,John Penrose Road,Barnstaple,EX31 3RY,51.065831,-4.085806,North Devon,North Devon,Bickington,North Devon 012B,South West,England,E01020085
barrow-in-furness,Barrow in Furness,Hollywood Retail Park,Hindpool Road,Cumbria,LA14 2NE,54.112257,-3.234993,Barrow and Furness,Barrow-in-Furness,Central,Barrow-in-Furness 004A,North West,England,E01019156
basildon,Basildon,Unit 4b,Mayflower Retail Park,Basildon,SS14 3HZ,51.590813,0.480003,Basildon and Billericay,Basildon,Fryerns,Basildon 012B,East of England,England,E01021267
basingstoke,Basingstoke,Gaston Wood Retail Park,Reading Road,Berkshire,RG24 8TW,51.282805,-1.069996,Basingstoke,Basingstoke and Deane,Norden,Basingstoke and Deane 008D,South East,England,E01022523
beckton,Beckton,Triangle Retail Park,Clapsgate Lane,Beckton,E6 6LH,51.523183,0.070124,East Ham,Newham,Beckton,Newham 033B,London,England,E01003482
bedford,Bedford,Alban Retail Park,London Road,Bedfordshire,MK42 0NW,52.128923,-0.460902,Bedford,Bedford,Kingsbrook,Bedford 014E,East of England,England,E01017522
beverley,Beverley,Unit 4,Flemingate Centre,Beverley,HU17 0NQ,53.839686,-0.420396,Beverley and Holderness,East Riding of Yorkshire,Minster and Woodmansey,East Riding of Yorkshire 019D,Yorkshire and The Humber,England,E01013041
birmingham-erdington,Birmingham Erdington,Ravenside Retail Park,Kingsbury Road,Erdington,B24 9QB,52.517688,-1.802978,"Birmingham, Erdington",Birmingham,Pype Hayes,Birmingham 028D,West Midlands,England,E01009102
birmingham-highgate,Birmingham Highgate,Apex Retail Park,Upper Conybere Street,Highgate Middleway,B12 0EB,52.464246,-1.885017,"Birmingham, Hall Green",Birmingham,Sparkbrook & Balsall Heath East,Birmingham 083A,West Midlands,England,E01009367
blackburn,Blackburn,The Peel Centre,Lower Audley Street,Blackburn,BB1 1DG,53.744136,-2.480475,Blackburn,Blackburn with Darwen,Blackburn Central,Blackburn with Darwen 006A,North West,England,E01012629
blackpool,Blackpool,Squires Gate Retail Park,Squires Lane,Blackpool,FY4 2RP,53.776912,-3.028709,Blackpool South,Blackpool,Stanley,Blackpool 018D,North West,England,E01012731
bolton,Bolton,Bolton Gate Retail Park,16-19 Roundhill Way,Bolton,BL1 2SL,53.586063,-2.424932,Bolton North East,Bolton,Crompton,Bolton 016F,North West,England,E01033220
boston,Boston,Alban Retail Park,Grantham Road,Boston,PE21 7NN,52.970318,-0.057858,Boston and Skegness,Boston,St. Thomas',Boston 009A,East Midlands,England,E01026029
bournemouth,Bournemouth,Turbary Retail Park,Ringwood Road,Bournemouth,BH11 8LL,50.755313,-1.927776,Bournemouth West,"Bournemouth, Christchurch and Poole",Kinson,Bournemouth 002C,South West,England,E01015308
bradford,Bradford,Sticker Lane,Bradford,West Yorkshire,BD4 8DN,53.787823,-1.719703,Bradford East,Bradford,Bowling and Barkerend,Bradford 046C,Yorkshire and The Humber,England,E01010611
bridgend,Bridgend,Parc Plaza,Waterton Cross,Bridgend,CF31 3XX,51.495699,-3.567008,Bridgend,Bridgend,Oldcastle,Bridgend 013B,Wales,Wales,W01001037
bristol-brislington,Bristol Brislington,Tramway Retail Park,Bath Road,Brislington,BS4 3DS,51.438357,-2.556217,Bristol East,"Bristol, City of",Brislington West,Bristol 043A,South West,England,E01014533
bristol-cribbs-causeway,Bristol Cribbs Causeway ,Centaurus Road,Patchway,Bristol,BS34 5TU,51.528597,-2.596425,Filton and Bradley Stoke,South Gloucestershire,Charlton & Cribbs,South Gloucestershire 005A,South West,England,E01014861
broadstairs,Broadstairs,Westwood Retail Park,Westwood Road,Broadstairs,CT10 2QU,51.362624,1.393201,South Thanet,Thanet,St. Peters,Thanet 011E,South East,England,E01024691
bromborough,Bromborough,The Croft Retail Park & Leisure Park,Welton Road,Merseyside,CH62 3PN,53.34099,-2.977018,Wirral South,Wirral,Bromborough,Wirral 036C,North West,England,E01007143
burton,Burton,St Peters Retail Park,Lichfield Street,Staffordshire,DE14 3QZ,52.800201,-1.632361,Burton,East Staffordshire,Burton,East Staffordshire 011H,West Midlands,England,E01032898
bury-st-edmunds,Bury St Edmunds,St Edmundsbury Retail Park,Easlea Road,Bury St Edmunds,IP32 7BY,52.240157,0.745464,Bury St Edmunds,West Suffolk,Moreton Hall,St Edmundsbury 005D,East of England,England,E01030129
cambridge,Cambridge,Cambridge Retail Park,Newmarket Road,Cambridgeshire,CB5 8JL,52.210419,0.146305,Cambridge,Cambridge,Abbey,Cambridge 006A,East of England,England,E01017943
cannock,Cannock,Linkway Retail Park,Watling Street,Cannock,WS11 1TD,52.678214,-2.047835,Cannock Chase,Cannock Chase,Cannock South,Cannock Chase 012C,West Midlands,England,E01029361
canterbury,Canterbury,Unit 3,Wincheap Road,Canterbury,CT1 3TT,51.270474,1.06519,Canterbury,Canterbury,Wincheap,Canterbury 019A,South East,England,E01024128
cardiff,Cardiff,City Link Estate,Cardiff,Cardiff,CF24 1PQ,51.492347,-3.145549,Cardiff Central,Cardiff,Adamsdown,Cardiff 036D,Wales,Wales,W01001697
carlisle,Carlisle,Madford Retail Park,Charlotte Street,Cumbria,CA2 5BT,54.890735,-2.940895,Carlisle,Carlisle,Cathedral & Castle,Carlisle 008C,North West,England,E01019215
carmarthen,Carmarthen,Parc Pensarn,Stephens Way,Carmarthenshire,SA31 2NG,51.846417,-4.311007,Carmarthen East and Dinefwr,Carmarthenshire,Llangunnor,Carmarthenshire 008D,Wales,Wales,W01000694
catford,Catford,Bromley Road Retail Park,Bromley Road,Catford,SE6 2QU,51.436944,-0.020598,Lewisham East,Lewisham,Catford South,Lewisham 025C,London,England,E01003221
chelmsford,Chelmsford,Clock Tower Retail Park,Chelmsford,Essex,CM1 3FJ,51.723283,0.453158,Chelmsford,Chelmsford,Waterhouse Farm,Chelmsford 009F,East of England,England,E01033138
cheltenham,Cheltenham,Centrum Retail Park,Tewkesbury Road,Gloucestershire,GL51 9FD,51.913707,-2.096879,Tewkesbury,Cheltenham,Swindon Village,Cheltenham 001B,South West,England,E01022164
chester,Chester,Greyhound Retail Park,Sealand Road,Chester,CH1 4QG,53.196933,-2.914358,City of Chester,Cheshire West and Chester,Blacon,Cheshire West and Chester 034D,North West,England,E01018330
chesterfield,Chesterfield ,Unit 2,The Spires Retail Park,Chesterfield,S40 2WG,53.230279,-1.426888,Chesterfield,Chesterfield,St. Leonard's,Chesterfield 010G,East Midlands,England,E01033388
chichester,Chichester,Portfield Retail Park,Portfield Way,Chichester,PO19 7YH,50.841177,-0.756764,Chichester,Chichester,Chichester East,Chichester 008A,South East,England,E01031482
colchester,Colchester,Turner Rise Retail Park,Petrolea Close,Colchester,CO4 5TU,51.901507,0.900966,Colchester,Colchester,Mile End,Colchester 004A,East of England,England,E01021679
colliers-wood,Colliers Wood,Priory Retail Park,131 High Street,Colliers Wood,SW19 2PP,51.416219,-0.178925,Mitcham and Morden,Merton,Colliers Wood,Merton 005A,London,England,E01003367
coventry,Coventry,Airport Retail Park,London Road,Coventry,CV3 4RP,52.380547,-1.463605,Coventry South,Coventry,Binley and Willenhall,Coventry 039C,West Midlands,England,E01009541
cramlington,Cramlington,Manor Walks Retail Park,Cramlington,Northumberland,NE23 6UY,55.086765,-1.594594,Blyth Valley,Northumberland,Cramlington Village,Northumberland 029B,North East,England,E01027409
crawley,Crawley ,Unit H,19 The Martlets,Crawley,RH10 1ER,51.114848,-0.186385,Crawley,Crawley,Three Bridges,Crawley 004C,South East,England,E01031585
crewe,Crewe,Forge Street,Crewe,Cheshire,CW1 2DU,53.095578,-2.438853,Crewe and Nantwich,Cheshire East,Crewe Central,Cheshire East 039B,North West,England,E01018464
croydon,Croydon,Valley Retail Park,Croydon,London,CR0 4YJ,51.379127,-0.126554,Croydon North,Croydon,Broad Green,Croydon 019D,London,England,E01001010
darlington,Darlington,Morton Park,Morton Way,Off Yarms Road,DL1 4PJ,54.520628,-1.501402,Sedgefield,Darlington,Sadberge & Middleton St. George,Darlington 001D,North East,England,E01012366
dartford,Dartford,Dartford Heath Retail Park,Blackmans Close,Dartford,DA1 2DS,51.439021,0.20267,Dartford,Dartford,Princes,Dartford 009B,South East,England,E01024166
derby,Derby,Ascot Drive,,Derby,DE24 8ST,52.901503,-1.45252,Derby South,Derby,Alvaston,Derby 024F,East Midlands,England,E01033172
doncaster,Doncaster,Crompton Retail Park,Milestone Drive,Wheatley Hall Road,DN2 4NB,53.540034,-1.111072,Doncaster Central,Doncaster,Wheatley Hills & Intake,Doncaster 015C,Yorkshire and The Humber,England,E01007651
dunstable,Dunstable,Luton Road,Dunstable,Bedfordshire,LU5 4JN,51.888215,-0.504361,South West Bedfordshire,Central Bedfordshire,Dunstable-Icknield,Central Bedfordshire 027C,East of England,England,E01017584
durham,Durham ,Unit 1A Durham City Retail Park,Macintyre Way,Durham,DH1 2RP,54.780817,-1.536991,City of Durham,County Durham,Belmont,County Durham 029A,North East,England,E01020693
eastbourne,Eastbourne,Marshall Road,Eastbourne,East Sussex,BN23 6QU,50.795261,0.283983,Eastbourne,Eastbourne,Hampden Park,Eastbourne 004C,South East,England,E01020922
enfield,Enfield,Dearsley Road,Great Cambridge Road,Enfield,EN1 3RR,51.650432,-0.0578,Enfield North,Enfield,Carterhatch,Enfield 012F,London,England,E01001513
exeter,Exeter,Avocet Road,Sowton,Exeter,EX2 7JF,50.724539,-3.466283,East Devon,Exeter,St. Loyes,Exeter 011G,South West,England,E01033234
fareham,Fareham,Southampton Road,Titchfield,Hampshire,PO14 4QL,50.861321,-1.253816,Fareham,Fareham,Titchfield Common,Fareham 007D,South East,England,E01022786
farnborough,Farnborough,Invincible Road,Farnborough,Hampshire,GU14 7QU,51.287626,-0.764769,Aldershot,Rushmoor,Empress,Rushmoor 006C,South East,England,E01023095
feltham,Feltham,58 The Centre,,Feltham,TW13 4BH,51.446293,-0.410938,Feltham and Heston,Hounslow,Feltham West,Hounslow 025G,London,England,E01033030
friern-barnet,Friern Barnet,Friern Bridge Retail Park,Pegasus Way,Friern Barnet,N11 3PW,51.611571,-0.143116,Chipping Barnet,Barnet,Friern Barnet,Barnet 015C,London,England,E01000160
gloucester,Gloucester,Westgate Retail Park,Westgate,Gloucester,GL1 2TF,51.870262,-2.253484,Gloucester,Gloucester,Westgate,Gloucester 004E,South West,England,E01032932
grantham,Grantham,South Parade,London Road,Grantham,NG31 6HT,52.902229,-0.634747,Grantham and Stamford,South Kesteven,Grantham St. Vincent's,South Kesteven 006E,East Midlands,England,E01026344
grimsby,Grimsby,Victoria Street North,Grimsby,Lincolnshire,DN31 1GB,53.571507,-0.079581,Great Grimsby,North East Lincolnshire,West Marsh,North East Lincolnshire 003D,Yorkshire and The Humber,England,E01013221
halifax,Halifax,Pellon Lane,Halifax,Yorkshire,HX1 5RA,53.727398,-1.872225,Halifax,Calderdale,Park,Calderdale 012A,Yorkshire and The Humber,England,E01010960
harlow,Harlow,Harlow Retail Park,Edinburgh Way,Harlow,CM20 2TN,51.784653,0.111795,Harlow,Harlow,Mark Hall,Harlow 002B,East of England,England,E01021845
hartlepool,Hartlepool,Highpoint Retail Park,Marina Way,Hartlepool,TS24 0RN,54.692736,-1.211001,Hartlepool,Hartlepool,Headland & Harbour,Hartlepool 002D,North East,England,E01011992
hastings,Hastings,Unit 1,Seddlescombe Road,Hastings,TN37 7PB,50.887953,0.55329,Hastings and Rye,Hastings,Ashdown,Hastings 001C,South East,England,E01020971
hemel-hempstead,Hemel Hempstead,London Road,Apsley,Hertfordshire,HP3 9SR,51.73634,-0.467114,Hemel Hempstead,Dacorum,Apsley and Corner Hall,Dacorum 018H,East of England,England,E01033023
hereford,Hereford,Spur Retail Park,Holmer Road,Hereford,HR4 9SB,52.068212,-2.721072,Hereford and South Herefordshire,"Herefordshire, County of",Widemarsh,Herefordshire 010B,West Midlands,England,E01014084
high-wycombe,High Wycombe,Knaves Beech Retail Park,Loudwater,High Wycombe,HP10 9QR,51.603773,-0.694378,Wycombe,Buckinghamshire,Tylers Green and Loudwater,Wycombe 019D,South East,England,E01017939
horsham,Horsham,The Forum,Horsham,Sussex,RH12 1PQ,51.062215,-0.331225,Horsham,Horsham,Denne,Horsham 006A,South East,England,E01031636
huddersfield,Huddersfield,Castlemore Retail Park,Beck Road,Huddersfield,HD1 5DG,53.654663,-1.784373,Huddersfield,Kirklees,Greenhead,Kirklees 029D,Yorkshire and The Humber,England,E01011107
hull,Hull,Clough Road Retail Park,Clough Road,Hull,HU5 1SP,53.76709,-0.345097,Kingston upon Hull North,"Kingston upon Hull, City of",Beverley & Newland,Kingston upon Hull 015D,Yorkshire and The Humber,England,E01012871
huntingdon,Huntingdon,9 St Margaret's Way,Stukeley Meadows Trading Estate,Cambridgeshire,PE29 6DA,52.339382,-0.192012,Huntingdon,Huntingdonshire,Huntingdon North,Huntingdonshire 012D,East of England,England,E01018150
ilkeston,Ilkeston,Manners Road,Ilkeston,Derbyshire,DE7 8EG,52.97743,-1.312883,Erewash,Erewash,Little Hallam,Erewash 003E,East Midlands,England,E01019672
ipswich,Ipswich,Anglia Retail Park,Ipswich,Suffolk,IP1 5QP,52.084621,1.11873,Central Suffolk and North Ipswich,Ipswich,Whitton,Ipswich 001D,East of England,England,E01030035
keighley,Keighley,Alston Retail Park,Alston Road,Keighley,BD21 4AG,53.875065,-1.894545,Keighley,Bradford,Keighley Central,Bradford 008A,Yorkshire and The Humber,England,E01010700
kettering,Kettering,Stanier Retail Park,Northfield Avenue,Kettering,NN16 9XW,52.405142,-0.735699,Kettering,North Northamptonshire,Northall,Kettering 007A,East Midlands,England,E01027104
kidderminster,Kidderminster,Oxford Street,Kidderminster,Worcestershire,DY10 1AR,52.385755,-2.246481,Wyre Forest,Wyre Forest,Blakebrook & Habberley South,Wyre Forest 004D,West Midlands,England,E01032450
lancaster,Lancaster,Lancaster City Retail Park,Mellishawe Lane,Lancaster,LA3 3FE,54.05449,-2.844032,Morecambe and Lunesdale,Lancaster,Overton,Lancaster 016I,North West,England,E01033072
leeds,Leeds,Whitehall Road,Off Spence Lane,Leeds,LS12 1EF,53.790876,-1.566489,Leeds Central,Leeds,Beeston & Holbeck,Leeds 082E,Yorkshire and The Humber,England,E01033013
leeds-thorpe-park,Leeds Thorpe Park,"Unit 14, The Springs, Thorpe Park View",Century Way,Leeds,LS15 8GB,53.798643,-1.427937,Leeds East,Leeds,Temple Newsam,Leeds 073A,Yorkshire and The Humber,England,E01011411
leicester-thurmaston,Leicester Thurmaston,Barkby Thorpe Lane,Thurmaston,Leicester,LE4 8GP,52.684061,-1.089498,Charnwood,Charnwood,Thurmaston,Charnwood 021F,East Midlands,England,E01025767
lincoln,Lincoln,Carlton Centre,Outer Circle Road,Lincoln,LN2 4UX,53.242017,-0.50809,Lincoln,Lincoln,Abbey,Lincoln 002A,East Midlands,England,E01026153
liverpool-garston,Liverpool Garston,Horrocks Avenue,Garston,Liverpool,L19 5NY,53.355308,-2.892247,Garston and Halewood,Liverpool,Speke-Garston,Liverpool 058D,North West,England,E01006743
liverpool-sefton,Liverpool Sefton,Switch Island Leisure Park,Dunnings Bridge Road,Liverpool,L30 6TQ,53.48503,-2.963764,Bootle,Sefton,St. Oswald,Sefton 029D,North West,England,E01007088
llanelli,Llanelli,Parc Pemberton Retail Park,Llanelli,Carmarthenshire,SA14 9UZ,51.679819,-4.129625,Llanelli,Carmarthenshire,Llwynhendy,Carmarthenshire 025C,Wales,Wales,W01000706
loughborough,Loughborough,Regents Place Retail Park,Derby Road,Loughborough,LE11 5PL,52.773915,-1.212876,Loughborough,Charnwood,Loughborough Storer,Charnwood 003E,East Midlands,England,E01025724
lowestoft,Lowestoft,Belvedere Road,Lowestoft,Suffolk,NR33 0PX,52.469783,1.741544,Waveney,East Suffolk,Kirkley & Pakefield,Waveney 007D,East of England,England,E01030258
maidstone,Maidstone,London Road Retail Park,London Road,Maidstone,ME16 0DT,51.27706,0.50852,Maidstone and The Weald,Maidstone,Bridge,Maidstone 006B,South East,England,E01024340
manchester-ashton-under-lyne,Manchester Ashton Under Lyne,Snipe Retail Park,Manchester Road,Ashton Under Lyne,OL7 0DN,53.477446,-2.124823,Denton and Reddish,Tameside,Audenshaw,Tameside 013C,North West,England,E01005951
manchester-radcliffe,Manchester Radcliffe,Green Street,Radcliffe,Greater Manchester,M26 3ED,53.559677,-2.329877,Bury South,Bury,Radcliffe West,Bury 016D,North West,England,E01005008
manchester-trafford,Manchester Trafford,Trafford Retail Park,Neary Way,Urmston,M41 7FN,53.46316,-2.36011,Stretford and Urmston,Trafford,Davyhulme West,Trafford 005B,North West,England,E01006123
mansfield,Mansfield,Portland Retail Park,Mansfield,Nottinghamshire,NG18 1HA,53.139304,-1.202537,Mansfield,Mansfield,Portland,Mansfield 008D,East Midlands,England,E01028268
milton-keynes,Milton Keynes,Winterhill Retail Park,4A Snowdon Drive,Winterhill,MK6 1AJ,52.030508,-0.765162,Milton Keynes North,Milton Keynes,Central Milton Keynes,Milton Keynes 021C,South East,England,E01016728
newbury,Newbury,London Road Retail Park,Newbury,Berkshire,RG14 2BA,51.404615,-1.311818,Newbury,West Berkshire,Newbury Clay Hill,West Berkshire 019B,South East,England,E01016346
newcastle-under-lyme,Newcastle Under Lyme,Dunelm,Wolstanton Retail Park,Newcastle-under-Lyme,ST5 0AP,53.027887,-2.209922,Newcastle-under-Lyme,Newcastle-under-Lyme,Wolstanton,Newcastle-under-Lyme 008E,West Midlands,England,E01029611
newport,Newport,Spytty Road,Newport,Gwent,NP19 4QT,51.575949,-2.949509,Newport East,Newport,,Newport 015E,Wales,Wales,W01001646
newport-isle-of-wight,Newport Isle of Wight,Wakes Retail Park,Newport,Isle of Wight,PO30 5UZ,50.703947,-1.293082,Isle of Wight,Isle of Wight,Newport Central,Isle of Wight 009C,South East,England,E01017326
north-shields,North Shields,Coast Road Retail Park,Norham Road,North Shields,NE29 7UJ,55.011113,-1.483633,Tynemouth,North Tyneside,Chirton,North Tyneside 023A,North East,England,E01008481
northampton,Northampton,Nene Valley Retail Park,St James Mill Road East,Northamptonshire,NN1 1ET,52.231831,-0.905313,Northampton South,West Northamptonshire,Castle,Northampton 021F,East Midlands,England,E01032979
norwich,Norwich,Sprowston Retail Park,Salhouse Road,Norfolk,NR7 9AZ,52.646309,1.325404,Norwich North,Broadland,Sprowston East,Broadland 013C,East of England,England,E01026559
nottingham,Nottingham,The Portal,Queens Drive,Nottinghamshire,NG2 1AL,52.944205,-1.157763,Nottingham South,Nottingham,Meadows,Nottingham 040A,East Midlands,England,E01013870
nuneaton,Nuneaton,Regent Street,Nuneaton,Warwickshire,CV11 4BL,52.524329,-1.462314,Nuneaton,Nuneaton and Bedworth,Abbey,Nuneaton and Bedworth 005A,West Midlands,England,E01031043
oldbury,Oldbury,Birchley Industrial Estate,Birchfield Lane,West Midlands,B69 1DT,52.49286,-2.023993,Warley,Sandwell,Langley,Sandwell 027A,West Midlands,England,E01009934
oxford,Oxford,Meadowside Retail Park,Lamarsh Road,Oxfordshire,OX2 0FE,51.750671,-1.284801,Oxford West and Abingdon,Oxford,Osney & St Thomas,Oxford 009A,South East,England,E01028548
peterborough,Peterborough,Boulevard Retail Park,Maskew Avenue,Peterborough,PE1 2HS,52.596107,-0.263627,Peterborough,Peterborough,North,Peterborough 010A,East of England,England,E01015603
plymouth,Plymouth,Friary Retail Park,Exeter Street,Plymouth,PL4 0HH,50.371748,-4.128225,"Plymouth, Sutton and Devonport",Plymouth,St. Peter and the Waterfront,Plymouth 027F,South West,England,E01032657
pontypridd,Pontypridd,Upper Boat Road,Pontypridd,Rhonnda Cynon Taf,CF37 5BP,51.577477,-3.293911,Pontypridd,Rhondda Cynon Taf,Hawthorn and Lower Rhydfelen,Rhondda Cynon Taf 026A,Wales,Wales,W01001184
preston,Preston,The Capitol Centre,London Way,Walton-le-Dale,PR5 4AW,53.74881,-2.679119,Ribble Valley,South Ribble,Samlesbury & Walton,South Ribble 004B,North West,England,E01025457
reading,Reading,Pincents Lane,Tilehurst,Reading,RG31 7SD,51.442605,-1.065847,Reading West,West Berkshire,Tilehurst Birch Copse,West Berkshire 006A,South East,England,E01016259
redditch,Redditch,Unit 3A,Grove Street,Redditch,B98 8AY,52.306479,-1.937746,Redditch,Redditch,Abbey,Redditch 004A,West Midlands,England,E01032224
rochdale,Rochdale,St Mary's Gate & Whitworth Road,Rochdale,Lancashire,OL12 0TY,53.62088,-2.155753,Rochdale,Rochdale,Central Rochdale,Rochdale 010C,North West,England,E01005482
romford,Romford,Eastern Avenue West,Eastern Avenue,Romford,RM7 7JN,51.58479,0.170866,Romford,Havering,St. Edward's,Havering 011B,London,England,E01002245
rotherham,Rotherham,Canklow Meadows Estate,West Bawtry Road,South Yorkshire,S60 2XL,53.40622,-1.358584,Rotherham,Rotherham,Boston Castle,Rotherham 023B,Yorkshire and The Humber,England,E01007678
rugby-ef,Rugby,"Unit 12, Elliott’s Field Retail Park",Leicester Road,Rugby,CV21 1SR,52.388304,-1.260028,Rugby,Rugby,Newbold and Brownsover,Rugby 002E,West Midlands,England,E01031141
rustington,Rustington,Rustington Retail Park,New Road,Littlehampton,BN16 3RT,50.817576,-0.498092,Worthing West,Arun,Rustington East,Arun 005E,South East,England,E01031459
salisbury,Salisbury,Bourne Retail Park,Hatches Lane,Salisbury,SP1 2QQ,51.063722,-1.774497,Salisbury,Wiltshire,Salisbury Milford,Wiltshire 056D,South West,England,E01032021
scarborough,Scarborough,Seamer Road Retail Park,Seamer Road,Scarborough,YO12 4DH,54.260812,-0.415648,Scarborough and Whitby,Scarborough,Falsgrave & Stepney,Scarborough 009B,Yorkshire and The Humber,England,E01027825
scunthorpe,Scunthorpe,Holyrood Drive,Skippingdale Industrial Estate,Suth Humberside,DN15 8NN,53.608798,-0.677184,Scunthorpe,North Lincolnshire,Crosby and Park,North Lincolnshire 007A,Yorkshire and The Humber,England,E01013297
sheffield-kilner-way,Sheffield Kilner Way,Kilner Way Retail Park,Kilner Way,Sheffield,S6 1NN,53.418391,-1.495835,"Sheffield, Brightside and Hillsborough",Sheffield,Southey,Sheffield 012B,Yorkshire and The Humber,England,E01008088
sheffield-woodseats,Sheffield Woodseats,Woodside Retail Park,Woodseats,Sheffield,S8 0RW,53.348346,-1.479852,"Sheffield, Heeley",Sheffield,Graves Park,Sheffield 053D,Yorkshire and The Humber,England,E01007983
shoreham,Shoreham,Eastern Avenue,Shoreham-by-Sea,West Sussex,BN43 6PD,50.835361,-0.264429,East Worthing and Shoreham,Adur,St. Mary's,Adur 004C,South East,England,E01031366
shrewsbury-sundorne,Shrewsbury Sundorne ,Sundorne Retail Park,Battlefield Road,Shropshire,SY1 4YA,52.738419,-2.71905,Shrewsbury and Atcham,Shropshire,Battlefield,Shropshire 016A,West Midlands,England,E01028932
sittingbourne,Sittingbourne,Sittingbourne Retail Park,Mill Way,Sittingbourne,ME10 2XD,51.345021,0.735686,Sittingbourne and Sheppey,Swale,Chalkwell,Swale 009B,South East,England,E01024561
slough,Slough,Westgate Retail Park,Slough,Berkshire,SL1 5PS,51.517338,-0.630873,Slough,Slough,Cippenham Green,Slough 006D,South East,England,E01016470
solihull,Solihull,Mell Square,32-34 Drury Lane,Solihull,B91 3BG,52.412972,-1.775563,Solihull,Solihull,St. Alphege,Solihull 019A,West Midlands,England,E01010192
southampton,Southampton,Mountbatten Retail Park,Southampton,Hampshire,SO15 1QJ,50.906213,-1.413176,"Southampton, Itchen",Southampton,Bargate,Southampton 023D,South East,England,E01017140
southport,Southport,Marine Drive,Ocean Plaza Retail Park,Southport,PR8 1RY,53.652954,-3.012737,Southport,Sefton,Cambridge,Sefton 004B,North West,England,E01006950
st-albans,St Albans,Alban Park Estate,Hatfield Road,St Albans,AL4 0JJ,51.749838,-0.281368,St Albans,St Albans,Hill End,St Albans 015B,East of England,England,E01023678
st-helens,St Helens,St Helens Retail Park,Peasley Cross Lane,St Helens,WA9 1JJ,53.449611,-2.727759,St Helens South and Whiston,St. Helens,Peasley Cross & Fingerpost,St. Helens 019G,North West,England,E01006912
stafford,Stafford,Greyfriars Way Retail Park,Greyfriars Place,Stafford,ST16 2SD,52.812841,-2.123144,Stafford,Stafford,Common,Stafford 010B,West Midlands,England,E01029691
staples-corner,Staples Corner,Staples Corner Retail Park,Geron Way,Staples Corner,NW2 6LW,51.569521,-0.228494,Finchley and Golders Green,Barnet,Cricklewood,Barnet 039C,London,England,E01000223
stevenage,Stevenage,Roebuck Retail Park,Stevenage,Hertfordshire,SG1 1XZ,51.88801,-0.197284,Stevenage,Stevenage,Roebuck,Stevenage 011D,East of England,England,E01023786
stockport,Stockport,St Marys Way,Portwood,Stockport,SK1 2HU,53.41413,-2.147774,Stockport,Stockport,Brinnington and Central,Stockport 014B,North West,England,E01005758
stockton-on-tees,Stockton on Tees,Portrack Lane,Stockton On Tees,Teeside,TS18 2PS,54.573389,-1.283227,Stockton North,Stockton-on-Tees,Stockton Town Centre,Stockton-on-Tees 014E,North East,England,E01012266
stoke-on-trent-fenton,Stoke on Trent Fenton,Victoria Road,Fenton,Stoke on Trent,ST4 2HT,53.010686,-2.167406,Stoke-on-Trent Central,Stoke-on-Trent,Hanley Park and Shelton,Stoke-on-Trent 016D,West Midlands,England,E01014282
sunderland-hylton,Sunderland Hylton,Unit 1,Timber Beach Road,Sunderland,SR5 3XG,54.918291,-1.430968,Washington and Sunderland West,Sunderland,Castle,Sunderland 008A,North East,England,E01008693
swansea,Swansea,West Swansea Retail Park,Cadle,Swansea,SA5 4BA,51.650839,-3.986782,Swansea West,Swansea,Cockett,Swansea 013B,Wales,Wales,W01000761
swindon,Swindon,St Margarets Retail Park,Oxford Road,Swindon,SN3 4ES,51.578423,-1.730571,North Swindon,Swindon,St. Margaret and South Marston,Swindon 008A,South West,England,E01015473
taunton,Taunton,Priory Fields Retail Park,Taunton,Somerset,TA1 1QS,51.020722,-3.092409,Taunton Deane,Somerset West and Taunton,Victoria,Taunton Deane 007A,South West,England,E01029285
team-valley-gateshead,Team Valley Gateshead ,Team Valley Retail Park,,Gateshead,NE11 0BD,54.923762,-1.619385,Blaydon,Gateshead,Lamesley,Gateshead 025D,North East,England,E01008226
telford,Telford,Telford Forge Retail Park,Telford,Shropshire,TF3 4AG,52.683351,-2.453419,Telford,Telford and Wrekin,Ketley & Overdale,Telford and Wrekin 016D,West Midlands,England,E01014157
thurrock,Thurrock,Tunnel Estate,Thurrock Shopping Park,West Thurrock,RM20 3LP,51.485804,0.271413,Thurrock,Thurrock,West Thurrock and South Stifford,Thurrock 015C,East of England,England,E01016012
torquay,Torquay,Bridge Retail Park,Riviera Way,Torquay,TQ2 7PY,50.483257,-3.547971,Torbay,Torbay,Tormohun,Torbay 004B,South West,England,E01015258
truro,Truro,Newquay Road Retail Park,Truro,Cornwall,TR1 1RH,50.272557,-5.036674,Truro and Falmouth,Cornwall,Truro Tregolls,Cornwall 042B,South West,England,E01018824
esLink-wakefield,Wakefield,Cathedral Retail Park,Denby Dale Road,Wakefield,WF2 9SE,53.678069,-1.502536,Wakefield,Wakefield,Wakefield West,Wakefield 028D,Yorkshire and The Humber,England,E01011907
walsall,Walsall,Reedswood Retail Park,Reedswood Way,Walsall,WS2 8XA,52.595444,-2.001177,Walsall North,Walsall,Birchills Leamore,Walsall 021B,West Midlands,England,E01010268
warrington,Warrington,Junction 9 Retail Park,Winwick Road,Warrington,WA2 8TW,53.409728,-2.598396,Warrington South,Warrington,Bewsey & Whitecross,Warrington 013A,North West,England,E01012453
wellingborough,Wellingborough,Castle Fields Retail Park,London Road,Wellingborough,NN8 2DP,52.293837,-0.683912,Wellingborough,North Northamptonshire,Finedon,Wellingborough 004B,East Midlands,England,E01027314
west-london-greenford,West London Greenford,Aladdin Tower,Western Avenue,Greenford,UB6 8LZ,51.542521,-0.356891,Ealing North,Ealing,Central Greenford,Ealing 006A,London,England,E01001265
weston-super-mare,Weston-Super-Mare,Weston Retail Park,Weston Super Mare,Weston Super Mare,BS23 3YZ,51.339311,-2.961636,Weston-Super-Mare,North Somerset,Weston-super-Mare South,North Somerset 021A,South West,England,E01014829
weymouth,Weymouth,Unit 3,8 Souter Way,Weymouth,DT3 5FU,50.63203,-2.46104,South Dorset,Dorset,Radipole,Weymouth and Portland 003D,South West,England,E01020579
wisbech,Wisbech,Belgrave Retail Park,Cromwell Road,Wisbech,PE14 0SD,52.650383,0.143946,North East Cambridgeshire,Fenland,Medworth,Fenland 003H,East of England,England,E01033111
wolverhampton,Wolverhampton,Bilston Road,Wolverhampton,West Midlands,WV2 2PY,52.579603,-2.115685,Wolverhampton South East,Wolverhampton,Ettingshall,Wolverhampton 035H,West Midlands,England,E01010530
worcester,Worcester,Elgar Retail Park,Blackpole Road,Worcester,WR3 8HP,52.210934,-2.201591,Worcester,Worcester,Warndon,Worcester 003A,West Midlands,England,E01032330
workington,Workington,Derwent Drive Retail Park,Workington,Cumbria,CA14 3YW,54.64224,-3.563722,Workington,Allerdale,St. Michael's,Allerdale 009D,North West,England,E01019120
wrexham,Wrexham,Unit 1,Central Retail Park,Wrexham,LL13 7SU,53.047597,-3.001129,Wrexham,Wrexham,Brynyffynnon,Wrexham 011B,Wales,Wales,W01000350
yeovil,Yeovil,Ivel Square,Quedam Centre,Yeovil,BA20 1EY,50.942122,-2.629039,Yeovil,South Somerset,Yeovil Westland,South Somerset 015B,South West,England,E01029234
york,York,Clifton Moor Centre,Clifton,York,YO30 4WZ,53.99305,-1.097631,York Outer,York,Rawcliffe & Clifton Without,York 006D,Yorkshire and The Humber,England,E01013431
